userid,user_orderType0_rate_largerthan_2
100000000013,1
100000000637,1
100000000949,1
100000001023,1
100000001231,1
100000001505,1
100000001955,1
100000002371,1
100000003639,1
100000004297,1
100000004317,1
100000005007,1
100000006981,1
100000008119,1
100000008995,1
100000009017,1
100000009463,1
100000009611,1
100000011325,1
100000011763,1
100000012931,1
100000012965,1
100000013381,1
100000013837,1
100000014259,1
100000014271,1
100000014383,1
100000014679,1
100000014973,1
100000014981,1
100000015223,1
100000015475,1
100000015969,1
100000016265,1
100000016341,1
100000016831,1
100000016861,1
100000017277,1
100000018259,1
100000019251,1
100000019487,1
100000019489,1
100000019507,1
100000020459,1
100000020811,1
100000021111,1
100000021395,1
100000022335,1
100000022481,1
100000022571,1
100000022761,1
100000022801,1
110020673328,1
110100014369,1
110100016828,1
110100018468,1
110100135562,1
110100171021,1
110100173725,1
110100218568,1
110100273229,1
110100273825,1
110100318867,1
110100333066,1
110100333868,1
110100335665,1
110100418369,1
110100512728,1
110100514164,1
110100516727,1
110100516927,1
110100518264,1
110100518665,1
110100573022,1
110100573527,1
110100614366,1
110100618264,1
110100633862,1
110100712727,1
110100735566,1
110100773229,1
110100816923,1
110100818565,1
110100835863,1
110100935462,1
110101014163,1
110101016424,1
110101016824,1
110101018565,1
110101018862,1
110101073020,1
110101073129,1
110101073528,1
110101112925,1
110101114365,1
110101118767,1
110101118860,1
110101173321,1
110101173327,1
110101173728,1
110101210169,1
110101210461,1
110101212820,1
110101212927,1
110101216163,1
110101216425,1
110101216628,1
110101217229,1
110101217621,1
110101235761,1
110101273028,1
110101273529,1
110101273620,1
110101312828,1
110101333767,1
110101373529,1
110101410923,1
110101414569,1
110101416126,1
110101416320,1
110101416823,1
110101416924,1
110101435960,1
110101473429,1
110101512325,1
110101514562,1
110101516321,1
110101518268,1
110101518767,1
110101535067,1
110101535960,1
110101571523,1
110101610321,1
110101612364,1
110101612421,1
110101612425,1
110101614364,1
110101615825,1
110101616129,1
110101616464,1
110101616522,1
110101616528,1
110101616663,1
110101617728,1
110101635063,1
110101710127,1
110101710128,1
110101714169,1
110101714560,1
110101718169,1
110101733868,1
110101735766,1
110101773227,1
110101810167,1
110101812321,1
110101814067,1
110101814967,1
110101816027,1
110101816420,1
110101912822,1
110101916723,1
110101935266,1
110101973024,1
110102012123,1
110102016429,1
110102112420,1
110102116724,1
110102173926,1
110102212724,1
110102333864,1
110102335262,1
110102373628,1
110102416820,1
110102416920,1
110102471529,1
110102516029,1
110102516928,1
110102573423,1
110102614369,1
110102635664,1
110102673920,1
110102716828,1
110102718168,1
110102718666,1
110102733061,1
110102735661,1
110102771220,1
110102773026,1
110102773628,1
110102773720,1
110102773820,1
110102816326,1
110102833063,1
110102873229,1
110102912724,1
110102916021,1
110102973622,1
110103012626,1
110103012925,1
110103014161,1
110103014162,1
110103016325,1
110103035961,1
110103073023,1
110103112124,1
110103135866,1
110103173229,1
110103173522,1
110103212628,1
110103214160,1
110103216629,1
110103218165,1
110103218468,1
110103218861,1
110103235063,1
110103235860,1
110103310120,1
110103314461,1
110103318768,1
110103318964,1
110103335168,1
110103335262,1
110103335461,1
110103371223,1
110103371520,1
110103414267,1
110103416726,1
110103416923,1
110103418169,1
110103418563,1
110103418663,1
110103435368,1
110103512529,1
110103518964,1
110103533864,1
110103535666,1
110103612721,1
110103612724,1
110103612820,1
110103612824,1
110103616923,1
110103635769,1
110103671523,1
110103673422,1
110103712629,1
110103712721,1
110103714366,1
110103773329,1
110103816223,1
110103818368,1
110103818769,1
110103835063,1
110103835163,1
110103873426,1
110103916626,1
110103916929,1
110103918063,1
110103971224,1
110103973022,1
110103973525,1
110103973722,1
110104014260,1
110104016224,1
110104018162,1
110104018467,1
110104033763,1
110104035063,1
110104035068,1
110104071021,1
110104071523,1
110104073526,1
110104110568,1
110104112529,1
110104116621,1
110104118067,1
110104118765,1
110104133765,1
110104135365,1
110104135766,1
110104173923,1
110104216425,1
110104235668,1
110104273226,1
110104273527,1
110104314164,1
110104316524,1
110104333064,1
110104373122,1
110104416524,1
110104418863,1
110104435965,1
110104473827,1
110104516026,1
110104516620,1
110104518967,1
110104535067,1
110104535465,1
110104573620,1
110104573927,1
110104618865,1
110104618966,1
110104635160,1
110104671525,1
110104712426,1
110104714464,1
110104716027,1
110104716123,1
110104716729,1
110104733865,1
110104773525,1
110104810327,1
110104810820,1
110104816822,1
110104910929,1
110104935564,1
110105018366,1
110105033066,1
110105035764,1
110105135060,1
110105216929,1
110105316822,1
110105371027,1
110105414265,1
110105418164,1
110105435861,1
110105473621,1
110105535461,1
110105573420,1
110105616423,1
110105718964,1
110105733068,1
110105816425,1
110105816621,1
110105818466,1
110105933862,1
110105973822,1
110106018469,1
110106033063,1
110106035163,1
110106071225,1
110106071527,1
110106073127,1
110106073424,1
110106116520,1
110106216926,1
110106235664,1
110106235667,1
110106273220,1
110106273428,1
110106316425,1
110106318869,1
110106333864,1
110106333869,1
110106335160,1
110106418169,1
110106518361,1
110106535063,1
110106535767,1
110106573225,1
110106573828,1
110106671224,1
110106671525,1
110106716120,1
110106773221,1
110106833069,1
110106873928,1
110106918369,1
110106973924,1
110107012623,1
110107016724,1
110107018061,1
110107071524,1
110107073924,1
110107112365,1
110107112769,1
110107114064,1
110107116421,1
110107118360,1
110107118563,1
110107135567,1
110107173924,1
110107216627,1
110107218865,1
110107314260,1
110107314862,1
110107316226,1
110107318364,1
110107318567,1
110107335462,1
110107335660,1
110107335962,1
110107412127,1
110107412462,1
110107414062,1
110107418763,1
110107518764,1
110107535065,1
110107610262,1
110107614061,1
110107614266,1
110107614368,1
110107618664,1
110107635161,1
110107635963,1
110107673925,1
110107716624,1
110107773620,1
110107816821,1
110107816825,1
110107835264,1
110107914167,1
110108018468,1
110108018765,1
110108035961,1
110108112126,1
110108116223,1
110108133069,1
110108135666,1
110108214060,1
110108214264,1
110108214763,1
110108218466,1
110108218762,1
110108235766,1
110108314766,1
110108510163,1
110108516428,1
110108610169,1
110108610565,1
110108616525,1
110108710160,1
110108716726,1
110108718560,1
110108735460,1
110108771221,1
110108814163,1
110108816726,1
110108818860,1
110108935161,1
110109018763,1
110109073728,1
110109112122,1
110109116627,1
110109135660,1
110109173429,1
110109235363,1
110109273423,1
110109314261,1
110109314569,1
110109318762,1
110109335668,1
110109373622,1
110109373823,1
110109373922,1
110109412027,1
110109418063,1
110109418366,1
110109418760,1
110109435268,1
110109435962,1
110109512126,1
110109512221,1
110109512920,1
110109571225,1
110109618367,1
110109710124,1
110109735164,1
110109771226,1
110109810128,1
110109812021,1
110109812924,1
110109817128,1
110109817720,1
110109818961,1
110109818967,1
110109910720,1
110109916925,1
110109918568,1
110109973128,1
110120011361,1
110120011669,1
110120014768,1
110120014965,1
110120018167,1
110120035065,1
110120114162,1
110120118067,1
110120118568,1
110120135362,1
110120135865,1
110120210463,1
110120214968,1
110120216466,1
110120216860,1
110120219560,1
110120318462,1
110120335564,1
110120418261,1
110120433764,1
110120433869,1
110120514968,1
110120518962,1
110120533762,1
110120535068,1
110120535163,1
110120535861,1
110120614068,1
110120618162,1
110120618461,1
110120618662,1
110120633063,1
110120635062,1
110120733868,1
110120814267,1
110120818261,1
110120818763,1
110120835960,1
110120914462,1
110120914467,1
110120918063,1
110120918461,1
110121335567,1
110121373121,1
110121473928,1
110121573429,1
110121616324,1
110121835561,1
110121873421,1
110122016326,1
110122018267,1
110122035866,1
110122035967,1
110122035969,1
110122073827,1
110122118467,1
110122133067,1
110122133760,1
110122316320,1
110122316427,1
110122333765,1
110122335567,1
110122471226,1
110122473024,1
110122533761,1
110122673028,1
110122733068,1
110122735561,1
110122773825,1
110122835565,1
110122918262,1
110123035461,1
110123135467,1
110123435263,1
110123535462,1
110123673721,1
110123773027,1
110123835969,1
110123933865,1
110123933866,1
110124073122,1
110124273422,1
110124435162,1
110124535363,1
110124573327,1
110124673128,1
110124733066,1
110124773325,1
110124833069,1
110124871222,1
110124933762,1
110125118266,1
110125133862,1
110125135061,1
110125135363,1
110125135569,1
110125433061,1
110125435369,1
110125535063,1
110125535460,1
110125535867,1
110125673624,1
110125718160,1
110125835669,1
110125933063,1
110126035560,1
110126235369,1
110126333764,1
110126435566,1
110126435761,1
110126635161,1
110126635266,1
110126635464,1
110126735961,1
110126735964,1
110127033767,1
110127035169,1
110127933863,1
110128035268,1
110128135263,1
110128335465,1
110128535360,1
110129335361,1
110129435964,1
110129571225,1
110129616427,1
110129635962,1
110129673122,1
110129935262,1
110140073123,1
110140073720,1
110140173522,1
110140173621,1
110140273024,1
110140273227,1
110140373325,1
110140516622,1
110140573423,1
110140871226,1
110140873727,1
110140873922,1
110140916327,1
110140916422,1
110141171525,1
110141173126,1
110141273620,1
110141373128,1
110141573725,1
110141771524,1
110141773321,1
110141773929,1
110141873426,1
110141971029,1
110142273922,1
110142473428,1
110142573121,1
110142871227,1
110142873725,1
110142973128,1
110143171527,1
110143173820,1
110143173825,1
110143271023,1
110143573328,1
110143573726,1
110143673723,1
110143873327,1
110143973128,1
110144073729,1
110144473820,1
110144571528,1
110145273921,1
110145371229,1
110145571524,1
110145673728,1
110145773120,1
110145971222,1
110145971520,1
110146073827,1
110146371521,1
110146771220,1
110146816121,1
110146973827,1
110147012128,1
110147012220,1
110147012529,1
110147014320,1
110147016220,1
110147018027,1
110147018427,1
110147073727,1
110147112720,1
110147116822,1
110147173328,1
110147210324,1
110147212729,1
110147212925,1
110147214029,1
110147214427,1
110147216221,1
110147216720,1
110147217120,1
110147217224,1
110147217729,1
110147271227,1
110147316324,1
110147371228,1
110147373428,1
110147412329,1
110147412620,1
110147416728,1
110147512322,1
110147512921,1
110147516527,1
110147571229,1
110147573927,1
110147610327,1
110147612424,1
110147612529,1
110147612820,1
110147616025,1
110147673028,1
110147673726,1
110147716325,1
110147771529,1
110147812327,1
110147812328,1
110147816223,1
110147873928,1
110147912823,1
110148173924,1
110148373825,1
110148573628,1
110148616322,1
110148673522,1
110149071527,1
110149171222,1
110149273325,1
110149671522,1
110149671528,1
110149971528,1
110160235460,1
110160335469,1
110160435266,1
110160635267,1
110160733064,1
110160735466,1
110160835869,1
110160935466,1
110162135261,1
110162135366,1
110162135462,1
110162333763,1
110162335164,1
110162435161,1
110162435268,1
110162835263,1
110162933766,1
110164118363,1
110164435861,1
110164435868,1
110164535462,1
110164833063,1
110165033762,1
110165033860,1
110165233869,1
110165333061,1
110165333865,1
110165635463,1
110165635469,1
110166033862,1
110166135467,1
110166633863,1
110166635464,1
110166933865,1
110166935465,1
110167035360,1
110167035768,1
110167118169,1
110167135464,1
110167335168,1
110167435261,1
110167535262,1
110167535864,1
110167633067,1
110167633862,1
110167735160,1
110168335563,1
110168433763,1
110168435560,1
110168435566,1
110168735364,1
110168835567,1
110168933065,1
110169035061,1
110169035461,1
110169035868,1
110169433063,1
110169435268,1
110169435661,1
110169535565,1
110169633064,1
110169633761,1
110169635266,1
110169733067,1
110169733860,1
110169735369,1
110169835660,1
110169935366,1
110169935461,1
110171835161,1
110173035060,1
110173135365,1
110173735067,1
110173735169,1
110174035262,1
110174135160,1
110174235963,1
110174335469,1
110174335665,1
110174535366,1
110174833861,1
110177135061,1
110177235566,1
110177835864,1
110178033067,1
110178718161,1
110178835868,1
110179635461,1
110180073424,1
110180171521,1
110180373120,1
110180373829,1
110180771529,1
110183073020,1
110183173129,1
110183216120,1
110183273721,1
110184171529,1
110184473720,1
110184573822,1
110184673428,1
110184973121,1
110184973225,1
110185373321,1
110185473322,1
110185773324,1
110185773523,1
110185871026,1
110185971529,1
110185973125,1
110185973428,1
110186071026,1
110186071529,1
110186171521,1
110186173123,1
110186173726,1
110186273125,1
110186273722,1
110186373126,1
110186373829,1
110186573428,1
110186671526,1
110187171522,1
110187373127,1
110187471221,1
110187571029,1
110187673629,1
110187773720,1
110187871227,1
110187873225,1
110187873421,1
110187973127,1
110188171023,1
110188273821,1
110188371026,1
110188471027,1
110188471524,1
110188573425,1
110188673126,1
110188973124,1
110189173323,1
110189273224,1
110189373725,1
110189373829,1
110189471529,1
110189573529,1
110189671020,1
110189671025,1
110189673122,1
110189673422,1
110189816120,1
110300071225,1
110300273421,1
110300571022,1
110300673721,1
110300973720,1
110300973823,1
110300973925,1
110301110821,1
110301173326,1
110301373820,1
110301573127,1
110301573422,1
110301771223,1
110301771224,1
110301773120,1
110301773123,1
110301816028,1
110301971227,1
110302371522,1
110302573128,1
110302573722,1
110302773125,1
110303171020,1
110304373423,1
110304916121,1
110305573421,1
110305873629,1
110306173322,1
110306373528,1
110306773420,1
110306973125,1
110307073724,1
110307271520,1
110307373526,1
110307673820,1
110307973326,1
110308071226,1
110308273125,1
110308473129,1
110308473628,1
110308973528,1
110309016326,1
110309171229,1
110309273623,1
110309873122,1
110320173627,1
110320416327,1
110321071020,1
110322171525,1
110322471520,1
110322973823,1
110323173324,1
110323273723,1
110323871524,1
110324573424,1
110325373321,1
110325373820,1
110325473827,1
110325773723,1
110325873728,1
110326771529,1
110326873422,1
110326873722,1
110326973828,1
110328116627,1
110328373923,1
110328673326,1
110328673424,1
110328773726,1
110328810222,1
110328812820,1
110328873629,1
110329171027,1
110329371025,1
110329673722,1
110329873720,1
110329973727,1
110340173824,1
110340173826,1
110340671023,1
110340973127,1
110340973423,1
110343271025,1
110343871224,1
110344371529,1
110344771224,1
110344871529,1
110345471023,1
110346173324,1
110346273123,1
110346771228,1
110346873825,1
110346973321,1
110346973822,1
110347071525,1
110347471027,1
110347773120,1
110348071221,1
110348473128,1
110348473325,1
110348973721,1
110349773122,1
110349773328,1
110380171023,1
110380671528,1
110380871221,1
110380971520,1
110383173724,1
110383271520,1
110383373328,1
110383373424,1
110384171020,1
110384471221,1
110384873423,1
110385073328,1
110385116121,1
110385273321,1
110385273528,1
110385273923,1
110385314224,1
110385315120,1
110385315826,1
110385316927,1
110385317428,1
110385319622,1
110385366421,1
110385373027,1
110385373429,1
110385571026,1
110385873326,1
110385873920,1
110386071024,1
110386273326,1
110386273728,1
110386873121,1
110386971026,1
110387271024,1
110387671225,1
110387771022,1
110388573329,1
110388871225,1
110388973127,1
110700333066,1
110700335168,1
110700335466,1
110700335966,1
110700433862,1
110700435166,1
110700518460,1
110700535669,1
110700835165,1
110700835266,1
110701035160,1
110701118968,1
110701233067,1
110701333866,1
110701335466,1
110701412563,1
110701418669,1
110701835667,1
110702835064,1
110703335263,1
110703733064,1
110703733867,1
110703735260,1
110704035460,1
110704435664,1
110704735669,1
110705035962,1
110705135667,1
110705235162,1
110705435263,1
110705435467,1
110705933062,1
110706433062,1
110706435969,1
110706633763,1
110706635163,1
110706635564,1
110706635666,1
110706835260,1
110707018160,1
110707035269,1
110707235361,1
110707335463,1
110707418260,1
110707418266,1
110707435565,1
110707933765,1
110708033769,1
110708135168,1
110708235569,1
110708535464,1
110708633863,1
110708835569,1
110709135964,1
110709235363,1
110709433860,1
110709635660,1
110720333862,1
110720633869,1
110720635366,1
110721133761,1
110721533061,1
110721833762,1
110722018266,1
110722018567,1
110722018669,1
110722035365,1
110722035765,1
110722235360,1
110722235768,1
110722433068,1
110722533860,1
110722533865,1
110722733065,1
110722835267,1
110723133768,1
110723235269,1
110724233767,1
110724333066,1
110724935268,1
110725435163,1
110725635366,1
110725735967,1
110726333068,1
110728133061,1
110729335261,1
110729433767,1
110729535166,1
110729733065,1
110760735269,1
110762433063,1
110765333766,1
110765635269,1
110765933765,1
110766633867,1
110766733763,1
110766735461,1
110766835262,1
110767335266,1
110767435265,1
110767633761,1
110767735964,1
110767835163,1
110768335969,1
110768435262,1
110768735064,1
110769033063,1
110769033863,1
110769035269,1
110769035465,1
110769035965,1
110769310066,1
110769310360,1
110769312761,1
110769314767,1
110769316667,1
110769318564,1
110769319069,1
110769319160,1
110769319164,1
110769319261,1
110769388661,1
110769388961,1
110769835164,1
110769935666,1
110771035164,1
110771435969,1
110772033064,1
110772033762,1
110772435769,1
110772535369,1
110773035263,1
110773035464,1
110773235563,1
110773335269,1
110773535964,1
110773935468,1
110774333760,1
110774433765,1
110775035268,1
110775035468,1
110775118867,1
110775235364,1
110775333060,1
110775335368,1
110775735065,1
110775735863,1
110775833763,1
110775835664,1
110775935963,1
110776235963,1
110776835369,1
110776835962,1
110776935265,1
110776935568,1
110777035462,1
110777333764,1
110777433061,1
110777733062,1
110777935260,1
110778033068,1
110778133868,1
110778233069,1
110778633765,1
110778735965,1
110778833060,1
110778833068,1
110778835260,1
110779333861,1
110779533067,1
110779735166,1
110779735267,1
110810917078,1
110811217276,1
110811217679,1
110811317074,1
110811317078,1
110811810873,1
110812017372,1
110812417379,1
110812717279,1
110813617272,1
110814610570,1
110814710975,1
110814910976,1
110815110575,1
110816010870,1
110817517672,1
110817917074,1
110819417272,1
110819472772,1
110819610879,1
110831210977,1
110831510573,1
110831610871,1
110832617273,1
110832810878,1
110832817378,1
110834210578,1
110834417672,1
110834617272,1
110834810877,1
110834917076,1
110835717278,1
110836310577,1
110836610979,1
110837110872,1
110837117378,1
110838217874,1
110838217971,1
110838717074,1
110838817378,1
110838910879,1
110838971173,1
110838972770,1
110838975775,1
110838975876,1
110839310575,1
110839610973,1
110840117171,1
110840217375,1
110840217475,1
110840217672,1
110840371872,1
110840374676,1
110840379775,1
110840417677,1
110840717279,1
110840817871,1
110840817875,1
110841110979,1
110841117173,1
110841310578,1
110841517770,1
110841617074,1
110842010978,1
110842017772,1
110842210876,1
110842317379,1
110842517473,1
110842717372,1
110842847173,1
110842847471,1
110842917674,1
110843310974,1
110843510873,1
110843610872,1
110843917475,1
110844017677,1
110844210572,1
110845117673,1
110845117977,1
110845217675,1
110845317077,1
110845617976,1
110845717176,1
110845717277,1
110846317474,1
110846710975,1
110846810970,1
110846817471,1
110846872376,1
110846910973,1
110846917871,1
110847210976,1
110847317979,1
110847717171,1
110847717873,1
110847772275,1
110848117073,1
110848117674,1
110848310971,1
110848317070,1
110848717371,1
110848817378,1
110848910973,1
110849417075,1
110849417277,1
110849517074,1
110849810976,1
110849817579,1
110870310570,1
110870317273,1
110870317375,1
110870317678,1
110871010573,1
110871010879,1
110871417070,1
110871672270,1
110871672376,1
110871917179,1
110871917771,1
110872117073,1
110872417375,1
110872510574,1
110872817278,1
110873017776,1
110873110570,1
110873117272,1
110873117273,1
110873710872,1
110873910872,1
110874010875,1
110874117175,1
110874310970,1
110874317377,1
110875117276,1
110875117279,1
110875217073,1
110875817070,1
110876110573,1
110876717274,1
110878317074,1
110878317273,1
110878410975,1
110878417270,1
110878417275,1
110878610573,1
110878710575,1
110878710976,1
110878817672,1
110879010878,1
110879317573,1
110879417072,1
110879417370,1
110879417372,1
110879417476,1
110879917378,1
110910017279,1
110910317775,1
110910417174,1
110910710576,1
110910717471,1
110910917072,1
110910917274,1
110910917478,1
110911117273,1
110911117473,1
110911217473,1
110911310579,1
110911510971,1
110911772379,1
110911872372,1
110912310972,1
110912417273,1
110912610970,1
110912617671,1
110912910978,1
110913117271,1
110913117776,1
110913410870,1
110913410973,1
110913417472,1
110913517272,1
110913617173,1
110913617976,1
110913817274,1
110913817474,1
110913917872,1
110914117176,1
110914117671,1
110914172070,1
110914172073,1
110914317776,1
110914417377,1
110914517274,1
110914617478,1
110914717870,1
110914817677,1
110914917373,1
110914917479,1
110915017271,1
110915017273,1
110915017371,1
110915217373,1
110915717470,1
110916117079,1
110916210979,1
110916217274,1
110916417676,1
110916610874,1
110916617677,1
110916910874,1
110916910975,1
110916917373,1
110917017672,1
110917071675,1
110917071973,1
110917072272,1
110917117175,1
110917172670,1
110917210974,1
110917272375,1
110917274373,1
110917310577,1
110917317179,1
110917317272,1
110917371775,1
110917417675,1
110917471272,1
110917471370,1
110917471672,1
110917471777,1
110917471779,1
110917472575,1
110917472770,1
110917474670,1
110917475070,1
110917475171,1
110917510879,1
110917517576,1
110917571573,1
110917572774,1
110917573874,1
110917573978,1
110917575474,1
110917579270,1
110917579776,1
110917610576,1
110917610972,1
110917717972,1
110917772272,1
110917772670,1
110917910871,1
110917910877,1
110917917872,1
110917972072,1
110917972077,1
110917972675,1
110918117279,1
110918217377,1
110918317770,1
110918417678,1
110918710578,1
110919010573,1
110919117271,1
110919117878,1
110919172475,1
110919217375,1
110919310572,1
110919317176,1
110919417073,1
110919417074,1
110919517976,1
110919610575,1
110919672177,1
110919672372,1
110919672375,1
110919672472,1
110919672474,1
110919672772,1
110919817174,1
110919817378,1
110919872079,1
110919872373,1
110919917777,1
110931017474,1
110931217373,1
110931410573,1
110931410574,1
110931617074,1
110931710570,1
110931717171,1
110932510973,1
110932617975,1
110932717676,1
110932817170,1
110932817177,1
110934017378,1
110934310577,1
110934410970,1
110934510570,1
110934717076,1
110934817078,1
110934817476,1
110934817679,1
110934817777,1
110934917772,1
110935017870,1
110935017971,1
110935017977,1
110935117176,1
110935217070,1
110935217776,1
110935372074,1
110935410878,1
110935417377,1
110935517871,1
110935572279,1
110935617176,1
110935617877,1
110935717176,1
110935772675,1
110935810977,1
110935910976,1
110936017776,1
110936317976,1
110936510577,1
110937117472,1
110937217079,1
110937217776,1
110937717474,1
110937917676,1
110937917678,1
110938010574,1
110938110972,1
110938217373,1
110938417171,1
110938817470,1
110938817874,1
110939410573,1
110939417373,1
110939710576,1
110939917676,1
110940017071,1
110940071775,1
110940072873,1
110940171370,1
110940172575,1
110940217474,1
110940217672,1
110940273571,1
110940317379,1
110940317475,1
110940317678,1
110940371675,1
110940372375,1
110940472876,1
110940517579,1
110940710570,1
110940710579,1
110940717175,1
110940771474,1
110940771777,1
110940772875,1
110940817078,1
110940817374,1
110940871771,1
110940872472,1
110940910977,1
110940972774,1
110941072271,1
110941072674,1
110941172072,1
110941172571,1
110941172979,1
110941217879,1
110941217970,1
110941317878,1
110941472379,1
110941517078,1
110941571478,1
110941672872,1
110941717376,1
110941717473,1
110941772377,1
110941872278,1
110942172078,1
110942172172,1
110942217070,1
110942271271,1
110942371075,1
110942372470,1
110942472273,1
110942472577,1
110942472974,1
110942510977,1
110942517076,1
110942517474,1
110942517673,1
110942517674,1
110942572373,1
110942672176,1
110942710577,1
110942710876,1
110942717776,1
110942771376,1
110942772977,1
110942871175,1
110942872073,1
110942872474,1
110942971674,1
110942972173,1
110942972574,1
110942972975,1
110943071379,1
110943110879,1
110943117077,1
110943117176,1
110943172272,1
110943172478,1
110943272670,1
110943272677,1
110943471377,1
110943471771,1
110943471772,1
110943571372,1
110943571477,1
110943572376,1
110943572576,1
110943610870,1
110943617077,1
110943617175,1
110943617772,1
110943710579,1
110943717671,1
110943772875,1
110943817476,1
110943974376,1
110944010875,1
110944017771,1
110944071078,1
110944072878,1
110944110575,1
110944472174,1
110944517875,1
110944672075,1
110944672678,1
110944710577,1
110944772672,1
110944817474,1
110944872070,1
110944917375,1
110945071372,1
110945072874,1
110945217178,1
110945217274,1
110945217971,1
110945274774,1
110945410870,1
110945471377,1
110945474070,1
110945517072,1
110945617474,1
110945617875,1
110945672974,1
110945674071,1
110945674074,1
110945717174,1
110945771378,1
110945771571,1
110945771976,1
110945872376,1
110945874674,1
110945917672,1
110945972170,1
110945972376,1
110946017178,1
110946017773,1
110946071673,1
110946071872,1
110946072374,1
110946110877,1
110946171373,1
110946171977,1
110946179973,1
110946217475,1
110946272777,1
110946317379,1
110946317975,1
110946371175,1
110946371274,1
110946372579,1
110946379477,1
110946417076,1
110946471378,1
110946474377,1
110946517073,1
110946572570,1
110946717274,1
110946717576,1
110946717876,1
110946771071,1
110946771771,1
110946871070,1
110946874278,1
110946917370,1
110946971071,1
110946971779,1
110946972374,1
110947017674,1
110947317576,1
110947472070,1
110947572370,1
110947972179,1
110948210574,1
110948210970,1
110948272373,1
110948272573,1
110948272777,1
110948272879,1
110948317273,1
110948317674,1
110948471378,1
110948472176,1
110948472273,1
110948571078,1
110948572374,1
110948717776,1
110948772478,1
110948772974,1
110948817178,1
110948971178,1
110948972171,1
110949017379,1
110949110971,1
110949217178,1
110949217271,1
110949272471,1
110949310579,1
110949417577,1
110949472271,1
110949517874,1
110949617178,1
110949617776,1
110949617777,1
110949672177,1
110949672178,1
110949772172,1
110949872878,1
110949917478,1
110970017775,1
110970017872,1
110970910878,1
110972010573,1
110972017170,1
110972110871,1
110972117079,1
110972217476,1
110972233869,1
110972235268,1
110972717372,1
110972817679,1
110972917070,1
110973017275,1
110973272277,1
110973272377,1
110973710972,1
110973872376,1
110973917873,1
110973972679,1
110975210879,1
110975672079,1
110975672773,1
110975910978,1
110976017278,1
110976417479,1
110976517070,1
110976710876,1
110978972976,1
111100348758,1
111100848558,1
111100948751,1
111101119155,1
111101146253,1
111101148559,1
111101446651,1
111102346059,1
111102348353,1
111102348556,1
111102948555,1
111103048351,1
111103146254,1
111103146451,1
111103146852,1
111103348756,1
111103746857,1
111103946453,1
111103948552,1
111104146853,1
111104248350,1
111104548558,1
111104548757,1
111104648751,1
111104848353,1
111105548357,1
111106848358,1
111107048356,1
111107246851,1
111107248758,1
111108146059,1
111108246855,1
111108248756,1
111108548555,1
111108846458,1
111108946053,1
111109046456,1
111109148353,1
111120016318,1
111120113696,1
111120146055,1
111120246050,1
111120313895,1
111120513014,1
111120513597,1
111120513717,1
111120713096,1
111120716117,1
111120748353,1
111120816194,1
111120913413,1
111120913419,1
111120913797,1
111121346856,1
111121819859,1
111121946350,1
111122048550,1
111122148358,1
111122185691,1
111122213219,1
111122246850,1
111122248557,1
111122313817,1
111122316191,1
111122346455,1
111122413219,1
111122413618,1
111122585710,1
111122613697,1
111122646455,1
111122813896,1
111122846258,1
111122946657,1
111122948351,1
111124013296,1
111124185296,1
111124213695,1
111124248351,1
111124313517,1
111124316313,1
111124413091,1
111124413619,1
111124413912,1
111124446854,1
111124713497,1
111124813516,1
111124813791,1
111124885697,1
111124913415,1
111124916312,1
111124916315,1
111124946453,1
111124946456,1
111125146450,1
111125748757,1
111125948556,1
111126048756,1
111126113291,1
111126113815,1
111126148554,1
111126313816,1
111126316111,1
111126346658,1
111126346950,1
111126413290,1
111126513097,1
111126613990,1
111126616394,1
111126746658,1
111126848550,1
111127348556,1
111127546455,1
111127646856,1
111127846057,1
111127848356,1
111127948752,1
111128048751,1
111128085217,1
111128246253,1
111128285093,1
111128285519,1
111128313496,1
111128346056,1
111128346259,1
111128413792,1
111128413818,1
111128448356,1
111128448359,1
111128485292,1
111128485692,1
111128619454,1
111128713091,1
111128816395,1
111128913119,1
111128913211,1
111129019256,1
111129046150,1
111129213112,1
111129246652,1
111129348758,1
111129416110,1
111129516992,1
111129746056,1
111140013713,1
111140016199,1
111140113090,1
111140146952,1
111140213015,1
111140213716,1
111140346951,1
111140446856,1
111140513515,1
111140516190,1
111140548353,1
111140613511,1
111140616311,1
111140646456,1
111140646759,1
111140648555,1
111140713617,1
111140816993,1
111140846456,1
111140846850,1
111140913790,1
111140948351,1
111141013016,1
111141013497,1
111141046053,1
111141113716,1
111141116117,1
111141116313,1
111141116394,1
111141148351,1
111141148759,1
111141213411,1
111141216310,1
111141246753,1
111141313211,1
111141313393,1
111141313597,1
111141316195,1
111141346451,1
111141413815,1
111141413892,1
111141416315,1
111141513413,1
111141548350,1
111141646055,1
111141713217,1
111141746655,1
111141813099,1
111141816192,1
111141916311,1
111141946353,1
111142013719,1
111142146059,1
111142213796,1
111142313695,1
111142346158,1
111142413090,1
111142413511,1
111142413611,1
111142513611,1
111142519656,1
111142613217,1
111142615357,1
111142646357,1
111142648556,1
111142713411,1
111142813714,1
111142816110,1
111142916996,1
111143013793,1
111143085692,1
111143116998,1
111143146555,1
111143213110,1
111143213214,1
111143213715,1
111143213992,1
111143313198,1
111143313396,1
111143313717,1
111143346359,1
111143346856,1
111143413499,1
111143413894,1
111143446054,1
111143513516,1
111143516119,1
111143585014,1
111143613013,1
111143613016,1
111143613692,1
111143613810,1
111143616312,1
111143713199,1
111143713393,1
111143713693,1
111143716397,1
111143716998,1
111143746154,1
111143785210,1
111143785294,1
111143785990,1
111143885515,1
111143913198,1
111143913992,1
111143946651,1
111144016196,1
111144146358,1
111144146857,1
111144185794,1
111144213414,1
111144213693,1
111144213991,1
111144313095,1
111144316990,1
111144513417,1
111144513494,1
111144613213,1
111144613913,1
111144716118,1
111144746257,1
111144813598,1
111144946950,1
111145013713,1
111145013792,1
111145085390,1
111145113616,1
111145113690,1
111145113911,1
111145116399,1
111145116919,1
111145180515,1
111145180710,1
111145180917,1
111145182311,1
111145185595,1
111145185795,1
111145187019,1
111145188214,1
111145188296,1
111145188396,1
111145189216,1
111145189610,1
111145189913,1
111145213491,1
111145213792,1
111145285210,1
111145285218,1
111145313092,1
111145313211,1
111145380515,1
111145380696,1
111145380715,1
111145385393,1
111145385614,1
111145448759,1
111145480013,1
111145480312,1
111145480593,1
111145482799,1
111145484096,1
111145484619,1
111145485291,1
111145485915,1
111145488010,1
111145488496,1
111145489710,1
111145489790,1
111145489991,1
111145513210,1
111145513396,1
111145513892,1
111145516994,1
111145546451,1
111145548759,1
111145580413,1
111145580719,1
111145613193,1
111145646155,1
111145646256,1
111145646451,1
111145648756,1
111145680694,1
111145680892,1
111145716995,1
111145746054,1
111145746554,1
111145813312,1
111145813317,1
111145813995,1
111145816398,1
111145846052,1
111145885190,1
111145885496,1
111145885693,1
111145885914,1
111145913816,1
111145916917,1
111145946656,1
111145946755,1
111145948354,1
111145948755,1
111145980318,1
111145980510,1
111145980714,1
111145985612,1
111145985690,1
111145985898,1
111146016991,1
111146213210,1
111146213212,1
111146246858,1
111146313096,1
111146313498,1
111146346459,1
111146413013,1
111146548750,1
111146616193,1
111146716197,1
111146746256,1
111146813594,1
111146816911,1
111146848758,1
111147013116,1
111147013312,1
111147013991,1
111147016996,1
111147046251,1
111147113218,1
111147146852,1
111147148550,1
111147213514,1
111147213597,1
111147313810,1
111147313897,1
111147313998,1
111147316197,1
111147346655,1
111147448555,1
111147546150,1
111147613013,1
111147613113,1
111147613890,1
111147646654,1
111147646855,1
111147713095,1
111147713613,1
111147716192,1
111147716197,1
111147716998,1
111147813091,1
111147846056,1
111147846255,1
111147916311,1
111147946853,1
111148016316,1
111148116195,1
111148146954,1
111148213818,1
111148316119,1
111148346756,1
111148413794,1
111148513018,1
111148613615,1
111148613695,1
111148613699,1
111148716198,1
111148746857,1
111148813718,1
111148846653,1
111148846754,1
111148913413,1
111148913690,1
111148916315,1
111149013916,1
111149113410,1
111149246052,1
111149313591,1
111149313797,1
111149416996,1
111149513792,1
111149548752,1
111149613818,1
111149713216,1
111149713416,1
111149713617,1
111149713692,1
111149813794,1
111149913093,1
111149913897,1
111149946257,1
111149948556,1
111150013195,1
111150013496,1
111150013519,1
111150013610,1
111150084416,1
111150085110,1
111150113114,1
111150113712,1
111150116198,1
111150116994,1
111150185316,1
111150185394,1
111150185890,1
111150213615,1
111150280210,1
111150280692,1
111150285793,1
111150380018,1
111150385190,1
111150385394,1
111150385717,1
111150385816,1
111150448358,1
111150485295,1
111150485415,1
111150485518,1
111150513616,1
111150513891,1
111150580290,1
111150585593,1
111150613111,1
111150613196,1
111150613691,1
111150613910,1
111150646451,1
111150680293,1
111150680499,1
111150685895,1
111150780698,1
111150780715,1
111150780812,1
111150785899,1
111150813197,1
111150813919,1
111150816196,1
111150880617,1
111150880696,1
111150880798,1
111150913010,1
111150913618,1
111150913818,1
111150913896,1
111150980219,1
111150980416,1
111150984614,1
111150985091,1
111150985193,1
111150985795,1
111151013019,1
111151048759,1
111151085610,1
111151085919,1
111151113210,1
111151146854,1
111151185119,1
111151185796,1
111151248359,1
111151285399,1
111151313092,1
111151313492,1
111151385297,1
111151413097,1
111151413194,1
111151485418,1
111151485913,1
111151585117,1
111151613794,1
111151616110,1
111151616112,1
111151713699,1
111151813616,1
111151848554,1
111151916311,1
111151948558,1
111151985199,1
111152080211,1
111152084891,1
111152085311,1
111152113111,1
111152113493,1
111152116190,1
111152180611,1
111152185312,1
111152213393,1
111152213812,1
111152216919,1
111152280892,1
111152284292,1
111152285012,1
111152285094,1
111152313097,1
111152313892,1
111152316116,1
111152316191,1
111152380198,1
111152380591,1
111152380595,1
111152385098,1
111152385218,1
111152385291,1
111152385813,1
111152413299,1
111152413914,1
111152480597,1
111152480695,1
111152480790,1
111152485910,1
111152513019,1
111152513418,1
111152513493,1
111152516117,1
111152580619,1
111152580891,1
111152585598,1
111152613315,1
111152680019,1
111152680899,1
111152682399,1
111152682899,1
111152685418,1
111152685998,1
111152713518,1
111152713590,1
111152713593,1
111152716394,1
111152784094,1
111152785791,1
111152880996,1
111152882917,1
111152913098,1
111152913695,1
111152980191,1
111152980314,1
111152980419,1
111152985019,1
111152985291,1
111152985318,1
111153016995,1
111153085596,1
111153085995,1
111153148551,1
111153185799,1
111153185812,1
111153213699,1
111153285414,1
111153285719,1
111153285819,1
111153313096,1
111153313112,1
111153313695,1
111153313715,1
111153380614,1
111153413618,1
111153413793,1
111153413799,1
111153480697,1
111153580415,1
111153585691,1
111153585811,1
111153585997,1
111153613015,1
111153613497,1
111153616113,1
111153680298,1
111153713990,1
111153716116,1
111153780093,1
111153813392,1
111154013215,1
111154013793,1
111154013810,1
111154016194,1
111154080295,1
111154085198,1
111154113616,1
111154113817,1
111154116917,1
111154119557,1
111154185190,1
111154185291,1
111154185411,1
111154213597,1
111154213697,1
111154213791,1
111154280693,1
111154285096,1
111154312352,1
111154313858,1
111154314451,1
111154317958,1
111154346156,1
111154380495,1
111154384110,1
111154385190,1
111154385214,1
111154395155,1
111154395750,1
111154413397,1
111154480010,1
111154482215,1
111154482698,1
111154482810,1
111154482994,1
111154485595,1
111154485799,1
111154485892,1
111154513894,1
111154580290,1
111154580490,1
111154584219,1
111154585919,1
111154613515,1
111154613718,1
111154616313,1
111154648755,1
111154680217,1
111154680418,1
111154680518,1
111154680893,1
111154685298,1
111154713994,1
111154746059,1
111154746551,1
111154785012,1
111154785510,1
111154785799,1
111154785914,1
111154813897,1
111154813995,1
111154846655,1
111154880416,1
111154880593,1
111154885810,1
111154885812,1
111154913898,1
111154916911,1
111154980810,1
111154982015,1
111154982617,1
111154984218,1
111154984910,1
111154988116,1
111154988392,1
111154988417,1
111155013690,1
111155046855,1
111155113090,1
111155213398,1
111155285891,1
111155316119,1
111155413119,1
111155416990,1
111155580614,1
111155585799,1
111155646655,1
111155648354,1
111155716115,1
111155813695,1
111155846457,1
111155885295,1
111155885593,1
111155913214,1
111155980099,1
111155985518,1
111155985612,1
111155985697,1
111155985699,1
111156013415,1
111156016318,1
111156084098,1
111156085595,1
111156085796,1
111156185012,1
111156216911,1
111156285313,1
111156313817,1
111156316118,1
111156380496,1
111156384219,1
111156413515,1
111156413910,1
111156516397,1
111156585095,1
111156585519,1
111156613590,1
111156613898,1
111156616394,1
111156680617,1
111156685194,1
111156685912,1
111156713012,1
111156713815,1
111156716118,1
111156780313,1
111156780513,1
111156784016,1
111156785411,1
111156785611,1
111156813790,1
111156813816,1
111156880099,1
111156885690,1
111156885698,1
111156885914,1
111156913197,1
111156916313,1
111156980495,1
111156980596,1
111156980617,1
111156980711,1
111156985510,1
111157046859,1
111157080211,1
111157085692,1
111157113198,1
111157113919,1
111157216917,1
111157216990,1
111157313016,1
111157313217,1
111157385693,1
111157480690,1
111157485596,1
111157485891,1
111157585115,1
111157613012,1
111157613293,1
111157685517,1
111157685992,1
111157713716,1
111157716390,1
111157748354,1
111157785113,1
111157785617,1
111157813114,1
111157848759,1
111157885099,1
111157885590,1
111157885911,1
111157913298,1
111157913316,1
111157913498,1
111157985115,1
111158013515,1
111158013914,1
111158046857,1
111158080594,1
111158085113,1
111158085414,1
111158085518,1
111158085693,1
111158085815,1
111158085892,1
111158113199,1
111158116197,1
111158146058,1
111158146252,1
111158180219,1
111158213313,1
111158213618,1
111158248555,1
111158280110,1
111158280511,1
111158285390,1
111158285419,1
111158313398,1
111158346055,1
111158385494,1
111158385613,1
111158385895,1
111158413414,1
111158413795,1
111158413796,1
111158480092,1
111158480712,1
111158485392,1
111158485417,1
111158485993,1
111158513591,1
111158513916,1
111158516315,1
111158516991,1
111158516998,1
111158580099,1
111158580614,1
111158585393,1
111158585793,1
111158613118,1
111158680490,1
111158680590,1
111158680910,1
111158685998,1
111158713393,1
111158713617,1
111158780799,1
111158785217,1
111158785697,1
111158785811,1
111158813219,1
111158813597,1
111158880019,1
111158880614,1
111158880798,1
111158913499,1
111158913812,1
111158985212,1
111158985213,1
111158985318,1
111158985714,1
111158985798,1
111159085215,1
111159113499,1
111159113911,1
111159148351,1
111159185995,1
111159284612,1
111159285316,1
111159285890,1
111159313393,1
111159385116,1
111159485210,1
111159513212,1
111159513713,1
111159516911,1
111159580711,1
111159585115,1
111159585291,1
111159585411,1
111159585712,1
111159613991,1
111159616311,1
111159713715,1
111159785014,1
111159785296,1
111159785590,1
111159785810,1
111159813313,1
111159813318,1
111159816115,1
111159846050,1
111159885014,1
111159885194,1
111159885198,1
111159885310,1
111159885990,1
111159913317,1
111159913794,1
111159948751,1
111159980615,1
111159985317,1
111190016318,1
111190016395,1
111190413417,1
111190685212,1
111190713510,1
111190713715,1
111190716190,1
111190913096,1
111190916996,1
111191013611,1
111191013810,1
111191016196,1
111191213411,1
111191216194,1
111191216318,1
111191316990,1
111191416111,1
111191513014,1
111191513097,1
111191513499,1
111191613097,1
111191713210,1
111191713515,1
111191713519,1
111191713716,1
111191813799,1
111191816191,1
111191913091,1
111191916112,1
111192016992,1
111192213013,1
111192213596,1
111192216111,1
111192313093,1
111192313494,1
111192413411,1
111192413714,1
111192413793,1
111192416112,1
111192513516,1
111192613399,1
111192613414,1
111192613797,1
111192713612,1
111192985615,1
111193013598,1
111193316914,1
111193413098,1
111193413519,1
111193416995,1
111193516198,1
111193613012,1
111193816392,1
111193913090,1
111195013691,1
111195216990,1
111195316914,1
111195413718,1
111195416997,1
111195513212,1
111195513294,1
111195613011,1
111195613019,1
111195613293,1
111195613519,1
111195613718,1
111195713295,1
111195713595,1
111195713816,1
111195813011,1
111195813290,1
111195813891,1
111195813910,1
111195816193,1
111195816199,1
111195916111,1
111196013592,1
111196016391,1
111196213115,1
111196313196,1
111196313397,1
111196313810,1
111196385790,1
111196413791,1
111196513116,1
111196516116,1
111196585790,1
111196613094,1
111196685213,1
111196713013,1
111196713814,1
111196816318,1
111196885613,1
111197113091,1
111197113717,1
111197116319,1
111197213719,1
111197216392,1
111197313298,1
111197513217,1
111197816310,1
111197913411,1
111197913498,1
111197916194,1
111199013095,1
111199113514,1
111199116398,1
111199413691,1
111199513095,1
111199613496,1
111199613914,1
111199616312,1
111199713898,1
111199713911,1
111199716193,1
111199813691,1
111199913199,1
111420113294,1
111421013497,1
111421113813,1
111421313010,1
111421313718,1
111421316198,1
111421413290,1
111421685014,1
111421713897,1
111421813293,1
111421916113,1
111421916391,1
111422013217,1
111422013291,1
111422013714,1
111422613017,1
111422616119,1
111422716397,1
111422813295,1
111423113214,1
111423216190,1
111423313414,1
111423613992,1
111423616396,1
111423813193,1
111423813599,1
111423913011,1
111424013294,1
111424113618,1
111424116317,1
111424213016,1
111424313016,1
111424413594,1
111424516195,1
111424613091,1
111424613218,1
111424613513,1
111424916111,1
111424916999,1
111426613617,1
111426716198,1
111426913298,1
111427013595,1
111427080716,1
111427113719,1
111427116391,1
111427216917,1
111427313012,1
111427616392,1
111427680219,1
111427716393,1
111427816997,1
111427884991,1
111427885094,1
111427913297,1
111427916111,1
111428513219,1
111428516391,1
111428716318,1
111428816318,1
111428913295,1
111428913697,1
111428913717,1
111429116911,1
111429413619,1
111429513510,1
111429613295,1
111429716198,1
111440116113,1
111440116199,1
111440116991,1
111440213611,1
111440213612,1
111440513694,1
111440516119,1
111440616394,1
111440616995,1
111440713219,1
111440913611,1
111441316997,1
111441413299,1
111441613290,1
111442216116,1
111442216997,1
111442316199,1
111442316990,1
111442516111,1
111442613213,1
111442616994,1
111442913092,1
111443185094,1
111443185199,1
111443185415,1
111443185590,1
111443185594,1
111443213613,1
111443413999,1
111443616914,1
111443716117,1
111444013214,1
111444113292,1
111444116310,1
111444116392,1
111444313210,1
111444313694,1
111444413797,1
111444613210,1
111444713612,1
111445013214,1
111445016310,1
111445113096,1
111445313797,1
111445416990,1
111445516311,1
111445516391,1
111445613819,1
111445713290,1
111445713790,1
111445813617,1
111445813819,1
111445913412,1
111445916190,1
111446213016,1
111446913615,1
111447116111,1
111447513596,1
111447913596,1
111447913610,1
111447913711,1
111447913793,1
111447913819,1
111448213612,1
111448216116,1
111448316194,1
111448513615,1
111448713614,1
111448816394,1
111448913213,1
111449016311,1
111449113293,1
111449413694,1
111449416911,1
111450113993,1
111450313390,1
111450316193,1
111450413299,1
111450513516,1
111450513618,1
111450513910,1
111450513999,1
111450716991,1
111450913992,1
111451113697,1
111451213818,1
111451416990,1
111451416997,1
111451516391,1
111451713096,1
111451813295,1
111452013495,1
111452013816,1
111452113799,1
111452113911,1
111452313893,1
111452513099,1
111452513312,1
111452613211,1
111453016191,1
111453213510,1
111453313292,1
111453313514,1
111453313697,1
111453313917,1
111453316193,1
111453513499,1
111453516116,1
111453613914,1
111453713019,1
111453713595,1
111453813297,1
111453813696,1
111453816919,1
111453913010,1
111453913291,1
111453913517,1
111453913812,1
111454013013,1
111454013017,1
111454013490,1
111454016397,1
111454016994,1
111454113491,1
111454113518,1
111454113691,1
111454113793,1
111454116195,1
111454213011,1
111454213693,1
111454216115,1
111454316111,1
111454613899,1
111454680116,1
111454682010,1
111454682697,1
111454684711,1
111454685493,1
111454813796,1
111454885293,1
111455116398,1
111455213591,1
111455313192,1
111455313318,1
111455413310,1
111455413390,1
111455416317,1
111455513294,1
111455513795,1
111455516318,1
111455613692,1
111455613714,1
111455613796,1
111455713616,1
111455813598,1
111455913698,1
111456116119,1
111456116991,1
111456213419,1
111456216195,1
111456313815,1
111456316991,1
111456413418,1
111456413617,1
111456416115,1
111456416313,1
111456513292,1
111456585611,1
111456585696,1
111456713090,1
111456813316,1
111456813612,1
111457016310,1
111457016397,1
111457216190,1
111457313096,1
111457313518,1
111457313810,1
111457513212,1
111457713212,1
111457716919,1
111457813793,1
111457916192,1
111458213615,1
111458316393,1
111458516393,1
111458713213,1
111458813096,1
111459113496,1
111459113811,1
111459216315,1
111459313813,1
111459413516,1
111459516195,1
111459613197,1
111459613699,1
111459813990,1
111459913697,1
111490516315,1
111490616316,1
111491216197,1
111491513611,1
111491516319,1
111491613616,1
111492413710,1
111492613692,1
111492913611,1
111492916995,1
111493416319,1
111493716319,1
111493916399,1
111495016111,1
111495116911,1
111495413294,1
111495416110,1
111495513219,1
111495513698,1
111495816199,1
111495816319,1
111495816395,1
111495816914,1
111495913217,1
111496016197,1
111496113599,1
111496416113,1
111496513412,1
111496713092,1
111496785296,1
111496813012,1
111497013714,1
111497516318,1
111497816118,1
111499113591,1
111499185716,1
111499213416,1
111499213514,1
111499280018,1
111499280099,1
111499280690,1
111499282213,1
111499284491,1
111499285092,1
111499287299,1
111499288419,1
111499288696,1
111499289297,1
111499294913,1
111499295996,1
111499316193,1
111499416310,1
111499513717,1
111499613391,1
111499813210,1
111499985291,1
111499985793,1
111721648756,1
111800046455,1
111800148751,1
111800346057,1
111800846252,1
111800846658,1
111801019152,1
111801019856,1
111801046156,1
111801346852,1
111801446654,1
111801648557,1
111801648750,1
111802046856,1
111802248553,1
111802346854,1
111802548556,1
111802846856,1
111802946451,1
111802948755,1
111803019358,1
111803019450,1
111803048557,1
111803110053,1
111803110459,1
111803114057,1
111803115450,1
111803115758,1
111803119650,1
111803219658,1
111803346154,1
111803410755,1
111803412352,1
111803414553,1
111803414657,1
111803446250,1
111803519256,1
111803519652,1
111803546956,1
111803548359,1
111803548557,1
111803614255,1
111803619257,1
111803646156,1
111803648753,1
111803714950,1
111803714953,1
111803719051,1
111803814458,1
111803814657,1
111803814854,1
111803819258,1
111803846351,1
111803848354,1
111803848359,1
111803848553,1
111803914957,1
111803946251,1
111804548356,1
111804548552,1
111804746357,1
111804946258,1
111805446456,1
111805448355,1
111805646056,1
111805646250,1
111806046251,1
111806048750,1
111806346350,1
111806348752,1
111806446054,1
111806446952,1
111806448550,1
111806546451,1
111806646251,1
111806746850,1
111806748554,1
111807046257,1
111807046453,1
111807146857,1
111807346659,1
111807446852,1
111807546951,1
111807646650,1
111807746254,1
111807746453,1
111807946856,1
111808246556,1
111808248358,1
111808346255,1
111808446757,1
111808448359,1
111808546558,1
111808646555,1
111808846759,1
111809019855,1
111809346359,1
111809419456,1
111809446452,1
111809446554,1
111809646951,1
111809946053,1
111820046152,1
111820346855,1
111820546056,1
111822119057,1
111822146557,1
111822446350,1
111822846152,1
111822946259,1
111822946659,1
111823513297,1
111823516118,1
111823516318,1
111823916194,1
111825146158,1
111825148359,1
111825148559,1
111825148754,1
111825948356,1
111826546357,1
111826746750,1
111826846058,1
111826846657,1
111827246053,1
111827746459,1
111827848758,1
111840119654,1
111840146253,1
111840146853,1
111840215058,1
111840215957,1
111840314259,1
111840314452,1
111840346157,1
111840346750,1
111840348751,1
111840414955,1
111840515152,1
111840519155,1
111840519357,1
111840546450,1
111840546758,1
111840614653,1
111840619055,1
111840619356,1
111840719856,1
111840746352,1
111840748550,1
111840819956,1
111840846650,1
111840919554,1
111840919753,1
111840919852,1
111840919858,1
111840946152,1
111840948555,1
111841019558,1
111841046355,1
111841119255,1
111841119855,1
111841148755,1
111841519255,1
111841519659,1
111841646356,1
111841819154,1
111841846057,1
111841846153,1
111841848352,1
111841848359,1
111842119456,1
111842146052,1
111842146452,1
111842148757,1
111842214652,1
111842246954,1
111842314856,1
111842414556,1
111842415255,1
111842419055,1
111842419858,1
111842446252,1
111842446354,1
111842519459,1
111842614458,1
111842619054,1
111842619152,1
111842646158,1
111842646858,1
111842646952,1
111842648556,1
111842748353,1
111842815755,1
111842846258,1
111842846655,1
111843019056,1
111843114652,1
111843119355,1
111843148358,1
111843246054,1
111843246252,1
111843319256,1
111843346858,1
111843348758,1
111843648552,1
111843719059,1
111844019253,1
111844046058,1
111844048752,1
111844119152,1
111844146355,1
111844146755,1
111844219451,1
111844246250,1
111844314159,1
111844319059,1
111844419550,1
111844419955,1
111844546953,1
111844619658,1
111844646559,1
111844648752,1
111844719154,1
111844719251,1
111844719855,1
111844819356,1
111844846857,1
111845014752,1
111845014856,1
111845019250,1
111845048352,1
111845114551,1
111845119459,1
111845119556,1
111845119950,1
111845146354,1
111845219556,1
111845246352,1
111845319353,1
111845348757,1
111845419251,1
111845419455,1
111845446150,1
111845448357,1
111845514053,1
111845546158,1
111845614056,1
111845614058,1
111845614957,1
111845714655,1
111845746252,1
111845746258,1
111845815057,1
111845815456,1
111845819352,1
111845914750,1
111845919159,1
111845946954,1
111845948352,1
111846014059,1
111846046552,1
111846048350,1
111846048354,1
111846119351,1
111846314855,1
111846346657,1
111846346959,1
111846419250,1
111846419451,1
111846446256,1
111846519550,1
111846519652,1
111846519859,1
111846614153,1
111846614551,1
111846619156,1
111846646359,1
111846719556,1
111846746651,1
111846746659,1
111846819253,1
111846819652,1
111846846958,1
111846919158,1
111846919458,1
111846919852,1
111846946650,1
111846946657,1
111847015851,1
111847146858,1
111847214752,1
111847219350,1
111847219652,1
111847219751,1
111847246754,1
111847319854,1
111847346557,1
111847348354,1
111847414055,1
111847414257,1
111847612359,1
111847615555,1
111847615957,1
111847715858,1
111847748753,1
111847814351,1
111847819457,1
111847846157,1
111847846758,1
111847914453,1
111847915455,1
111847919453,1
111847919955,1
111848019157,1
111848046353,1
111848148755,1
111848219057,1
111848219453,1
111848419257,1
111848446351,1
111848619659,1
111848646157,1
111848746050,1
111848846852,1
111848848757,1
111848919355,1
111848919658,1
111848946453,1
111849114453,1
111849146653,1
111849246859,1
111849248754,1
111849348354,1
111849419552,1
111849419956,1
111849746751,1
111849846054,1
111849846856,1
111849946250,1
111849946255,1
111849946652,1
111850046856,1
111850248359,1
111850748555,1
111851046051,1
111851146050,1
111851248554,1
111851348756,1
111851548355,1
111851748754,1
111851948755,1
111853148753,1
111853446856,1
111853448558,1
111853546852,1
111853746157,1
111853746658,1
111853846656,1
111854046152,1
111854146159,1
111854446453,1
111854446458,1
111854546156,1
111854746052,1
111854846853,1
111854946655,1
111855046051,1
111855146653,1
111855146956,1
111855148556,1
111855319257,1
111855348558,1
111855419051,1
111855446753,1
111855546553,1
111855646658,1
111855646756,1
111855646757,1
111855648559,1
111855746656,1
111855846651,1
111855946050,1
111857019255,1
111857046259,1
111857246552,1
111857319852,1
111857519255,1
111857519658,1
111857648751,1
111857746655,1
111857846454,1
111857946157,1
111858048553,1
111858148552,1
111858246655,1
111858346454,1
111858446058,1
111858448754,1
111858746459,1
111858748752,1
111858748753,1
111858848756,1
111858948752,1
111859046253,1
111859046254,1
111859248758,1
111859348558,1
111859446451,1
111859646855,1
111859648755,1
112500065084,1
112500065587,1
112500165880,1
112500265706,1
112500465205,1
112500565603,1
112500565708,1
112500565809,1
112500665287,1
112500665980,1
112500669300,1
112500765088,1
112500869605,1
112500969601,1
112501065182,1
112501065400,1
112501065589,1
112501065701,1
112501069187,1
112501069300,1
112501083581,1
112501165103,1
112501169684,1
112501265301,1
112501265786,1
112501265981,1
112501365303,1
112501383504,1
112501469182,1
112501565483,1
112501565602,1
112501569384,1
112501569680,1
112501583087,1
112501665087,1
112501665188,1
112501765586,1
112501783581,1
112501865404,1
112502265583,1
112502269185,1
112502365808,1
112502469180,1
112502665900,1
112502765703,1
112502769306,1
112502965084,1
112502965482,1
112502965889,1
112503065582,1
112503169687,1
112503183005,1
112503265283,1
112503269680,1
112503365483,1
112503469384,1
112503565083,1
112503565588,1
112503565804,1
112503565980,1
112503569689,1
112503665800,1
112503665905,1
112503783480,1
112503865184,1
112503865607,1
112503965286,1
112503965483,1
112504065001,1
112504065802,1
112504065902,1
112504069300,1
112504165008,1
112504165486,1
112504169183,1
112504265908,1
112504365085,1
112504369600,1
112504465209,1
112504465284,1
112504483284,1
112504569301,1
112504669181,1
112504669305,1
112504869602,1
112504965487,1
112505065084,1
112505065288,1
112505569686,1
112505665581,1
112505765204,1
112505765483,1
112505865582,1
112505965902,1
112506065181,1
112506065289,1
112506080085,1
112506080406,1
112506080807,1
112506080989,1
112506083002,1
112506083187,1
112506083702,1
112506084302,1
112506086681,1
112506180508,1
112506265802,1
112506280300,1
112506280388,1
112506280401,1
112506280785,1
112506280805,1
112506280906,1
112506282504,1
112506283087,1
112506283408,1
112506283502,1
112506380401,1
112506383207,1
112506383384,1
112506465001,1
112506465089,1
112506465785,1
112506469682,1
112506480002,1
112506480185,1
112506480483,1
112506482184,1
112506482203,1
112506483487,1
112506483506,1
112506483702,1
112506486500,1
112506488006,1
112506565185,1
112506565300,1
112506565306,1
112506565407,1
112506565686,1
112506565688,1
112506565904,1
112506565985,1
112506580205,1
112506580288,1
112506580703,1
112506580783,1
112506583600,1
112506665381,1
112506665809,1
112506669300,1
112506669682,1
112506680209,1
112506680306,1
112506680585,1
112506682504,1
112506683684,1
112506765186,1
112506765508,1
112506765682,1
112506765907,1
112506783004,1
112506783304,1
112506783380,1
112506865102,1
112506869602,1
112506883080,1
112506983800,1
112506983805,1
112507065080,1
112507065584,1
112507265489,1
112507269184,1
112507369689,1
112507665589,1
112507669186,1
112507869186,1
112507969601,1
112508065100,1
112508165506,1
112508265685,1
112508365305,1
112508365487,1
112508365888,1
112508465381,1
112508465508,1
112508465883,1
112508469388,1
112508483081,1
112508483580,1
112508565001,1
112508565083,1
112508565888,1
112508583206,1
112508583585,1
112508583882,1
112508665205,1
112508665586,1
112508665601,1
112508683084,1
112508765205,1
112508765389,1
112508783506,1
112508865288,1
112508865603,1
112508965106,1
112508965286,1
112508965407,1
112508969687,1
112509169300,1
112509169308,1
112509169387,1
112509265803,1
112509269303,1
112509269381,1
112509365209,1
112509465205,1
112509665889,1
112509669607,1
112509765480,1
112509769384,1
112509969688,1
112520065409,1
112520065889,1
112520069386,1
112520165986,1
112520183608,1
112520265205,1
112520265504,1
112520269309,1
112520283285,1
112520365006,1
112520365686,1
112520365808,1
112520383180,1
112520383808,1
112520465086,1
112520480400,1
112520480801,1
112520480908,1
112520483782,1
112520565585,1
112520683305,1
112520683500,1
112520765105,1
112520765308,1
112520765908,1
112520769300,1
112520769384,1
112520783881,1
112520880785,1
112520883284,1
112520969304,1
112520980900,1
112520983489,1
112521080506,1
112521083688,1
112521165302,1
112521165381,1
112521265482,1
112521283701,1
112521469305,1
112521469307,1
112521483807,1
112521569186,1
112521583781,1
112521665482,1
112521765089,1
112521765204,1
112521765307,1
112521865100,1
112521865485,1
112521883403,1
112521969385,1
112521983105,1
112521983887,1
112522080286,1
112522083207,1
112522180286,1
112522180785,1
112522183703,1
112522184504,1
112522186085,1
112522265581,1
112522265801,1
112522280609,1
112522283405,1
112522283785,1
112522380184,1
112522380901,1
112522382201,1
112522382509,1
112522480480,1
112522480881,1
112522482504,1
112522483202,1
112522565780,1
112522583704,1
112522665003,1
112522665184,1
112522680387,1
112522680408,1
112522680582,1
112522680586,1
112522683580,1
112522782508,1
112522783102,1
112522783604,1
112522786603,1
112522865486,1
112522865904,1
112522880781,1
112522880881,1
112522882002,1
112522883688,1
112522980789,1
112522982282,1
112522983684,1
112523083008,1
112523265282,1
112523269181,1
112523283403,1
112523283986,1
112523465207,1
112523465489,1
112523569183,1
112523583184,1
112523583907,1
112523665389,1
112523665486,1
112523765507,1
112523765707,1
112523769182,1
112523783900,1
112523865700,1
112523883184,1
112523883286,1
112524065007,1
112524065280,1
112524065889,1
112524069182,1
112524080408,1
112524080980,1
112524082588,1
112524082702,1
112524084083,1
112524086108,1
112524086487,1
112524086504,1
112524086603,1
112524086787,1
112524180105,1
112524180700,1
112524183105,1
112524265703,1
112524265786,1
112524280304,1
112524280585,1
112524280986,1
112524280989,1
112524282207,1
112524282407,1
112524286883,1
112524365403,1
112524365480,1
112524365502,1
112524365686,1
112524380184,1
112524380706,1
112524380989,1
112524383002,1
112524480287,1
112524483506,1
112524565381,1
112524565401,1
112524565700,1
112524580087,1
112524580588,1
112524583083,1
112524583380,1
112524583506,1
112524583581,1
112524583585,1
112524665685,1
112524665806,1
112524669388,1
112524680504,1
112524682481,1
112524682486,1
112524683004,1
112524683182,1
112524683303,1
112524683707,1
112524780000,1
112524780200,1
112524780206,1
112524780700,1
112524780900,1
112524783786,1
112524865084,1
112524865587,1
112524869187,1
112524880583,1
112524883800,1
112524965304,1
112524980007,1
112524980202,1
112524980604,1
112525065909,1
112525080281,1
112525080804,1
112525083088,1
112525083106,1
112525083201,1
112525165086,1
112525180787,1
112525180981,1
112525183482,1
112525183504,1
112525183989,1
112525265104,1
112525265703,1
112525280086,1
112525280204,1
112525280609,1
112525380109,1
112525380782,1
112525382903,1
112525469180,1
112525480589,1
112525483406,1
112525483685,1
112525565608,1
112525569601,1
112525580004,1
112525583783,1
112525583984,1
112525683204,1
112525683306,1
112525765383,1
112525782085,1
112525783980,1
112525865003,1
112525865082,1
112525865801,1
112525869384,1
112525880885,1
112525883006,1
112525883285,1
112525883804,1
112525965887,1
112525969184,1
112525980804,1
112525983005,1
112525983105,1
112526080506,1
112526169302,1
112526183585,1
112526183787,1
112526183806,1
112526265081,1
112526265089,1
112526265104,1
112526265287,1
112526265408,1
112526265780,1
112526283186,1
112526283401,1
112526365281,1
112526369605,1
112526383505,1
112526465001,1
112526465282,1
112526480903,1
112526483607,1
112526569380,1
112526665683,1
112526683106,1
112526783602,1
112526783800,1
112526865280,1
112526865303,1
112526865582,1
112526883281,1
112526883609,1
112526965483,1
112527065609,1
112527065700,1
112527065780,1
112527065985,1
112527080187,1
112527080303,1
112527080683,1
112527080807,1
112527082009,1
112527082404,1
112527082581,1
112527165584,1
112527165608,1
112527180981,1
112527183904,1
112527265284,1
112527265700,1
112527280189,1
112527280604,1
112527282305,1
112527282907,1
112527283582,1
112527283784,1
112527283785,1
112527283980,1
112527365581,1
112527382007,1
112527383184,1
112527480585,1
112527482406,1
112527580007,1
112527665081,1
112527665500,1
112527683982,1
112527765703,1
112527780182,1
112527882202,1
112527883401,1
112527883907,1
112527965402,1
112527969181,1
112527969600,1
112527983403,1
112527983487,1
112527983983,1
112528065002,1
112528065608,1
112528083504,1
112528165287,1
112528169680,1
112528265201,1
112528280001,1
112528280488,1
112528283105,1
112528383000,1
112528383200,1
112528465601,1
112528565502,1
112528565586,1
112528565986,1
112528580701,1
112528583601,1
112528583709,1
112528665482,1
112528683885,1
112528765986,1
112528783208,1
112528883104,1
112528965604,1
112528965707,1
112528983605,1
112528983706,1
112529065401,1
112529065689,1
112529080280,1
112529083087,1
112529165481,1
112529180284,1
112529180605,1
112529180608,1
112529180609,1
112529180681,1
112529183506,1
112529265789,1
112529280582,1
112529283283,1
112529365304,1
112529365700,1
112529369307,1
112529380806,1
112529465400,1
112529465583,1
112529480900,1
112529480903,1
112529483085,1
112529565084,1
112529565101,1
112529565200,1
112529565508,1
112529565687,1
112529569385,1
112529569607,1
112529569608,1
112529580409,1
112529580506,1
112529580508,1
112529583189,1
112529665081,1
112529669189,1
112529683100,1
112529683305,1
112529683306,1
112529683709,1
112529765588,1
112529765604,1
112529780806,1
112529865209,1
112529869188,1
112529880483,1
112529880500,1
112529880584,1
112529880600,1
112529882586,1
112529883284,1
112529883684,1
112529965084,1
112529965387,1
112529965984,1
112529969180,1
112529969602,1
112529980504,1
112529983309,1
112530069303,1
112530069601,1
112530165303,1
112530165506,1
112530165907,1
112530265000,1
112530265586,1
112530265680,1
112530265787,1
112530369183,1
112530369601,1
112530565986,1
112530665089,1
112530665487,1
112530765585,1
112530765982,1
112530869300,1
112530965201,1
112530965585,1
112530969600,1
112531165588,1
112531169187,1
112531269307,1
112531465204,1
112531465582,1
112531865209,1
112531865486,1
112531865488,1
112531965206,1
112531965905,1
112532065000,1
112532065109,1
112532083004,1
112532165687,1
112532269306,1
112532365201,1
112532365409,1
112532365901,1
112532365981,1
112532465009,1
112532465706,1
112532665282,1
112532765785,1
112532865607,1
112532865686,1
112532869382,1
112533169687,1
112533265209,1
112533265800,1
112533365588,1
112533365981,1
112533465905,1
112533565205,1
112533765201,1
112533769188,1
112533865484,1
112533865705,1
112533869383,1
112533969308,1
112535165680,1
112535265084,1
112535365282,1
112535565803,1
112535565908,1
112535765885,1
112535783405,1
112535783604,1
112536165480,1
112536169684,1
112536265200,1
112536265282,1
112536265788,1
112536269383,1
112536365588,1
112536365808,1
112536369682,1
112536465201,1
112536469305,1
112536469684,1
112536565705,1
112536565989,1
112536569681,1
112536569687,1
112536665008,1
112536765784,1
112536865505,1
112536865585,1
112536969382,1
112537065502,1
112537065685,1
112537065787,1
112537069605,1
112537083006,1
112537083084,1
112537165386,1
112537165603,1
112537169609,1
112537283486,1
112537465807,1
112537565485,1
112537565608,1
112537565787,1
112537565801,1
112537565906,1
112537665083,1
112537765087,1
112537769688,1
112537865088,1
112537883003,1
112537883704,1
112537883708,1
112537965002,1
112537965203,1
112537965388,1
112537965786,1
112538065084,1
112538065408,1
112538069381,1
112538069383,1
112538165408,1
112538265208,1
112538269300,1
112538269685,1
112538365980,1
112538465006,1
112538569183,1
112538569306,1
112538569385,1
112538769605,1
112538865207,1
112538865282,1
112538965005,1
112560880686,1
112560882582,1
112562065707,1
112562269604,1
112562369603,1
112562469308,1
112562865403,1
112562983201,1
112564065301,1
112564065984,1
112564165184,1
112564165706,1
112564265101,1
112564369185,1
112564383787,1
112564465881,1
112564565008,1
112564865087,1
112564865901,1
112564965083,1
112565069387,1
112565465881,1
112565765480,1
112565965483,1
112567065988,1
112567069382,1
112567265102,1
112567869181,1
112569065983,1
112569165181,1
112569165782,1
112569465103,1
112569465601,1
112569665607,1
112569683002,1
112569765088,1
112569765881,1
112569765882,1
112569765986,1
112569865106,1
112569869304,1
112569965006,1
112600269184,1
112600269186,1
112600369604,1
112600469189,1
112601065483,1
112601265985,1
112601365086,1
112601465407,1
112601469184,1
112601665909,1
112601965586,1
112602069387,1
112602265583,1
112602269605,1
112602365501,1
112602369301,1
112603165488,1
112603165587,1
112603269303,1
112603269607,1
112603369680,1
112603669183,1
112604065480,1
112604269601,1
112604269608,1
112604465409,1
112604565504,1
112604669302,1
112604965507,1
112605169381,1
112605569309,1
112605665004,1
112605665204,1
112605669681,1
112605865080,1
112605865083,1
112606069604,1
112606165102,1
112606265004,1
112606265900,1
112606369180,1
112606665002,1
112606765981,1
112606865503,1
112606869183,1
112606965281,1
112606965289,1
112606965500,1
112606965809,1
112607269683,1
112607365004,1
112607469183,1
112608065088,1
112608065285,1
112608065405,1
112608065982,1
112608169381,1
112608169386,1
112608265409,1
112608480009,1
112608480402,1
112608483200,1
112608483485,1
112608665785,1
112608869683,1
112608965806,1
112609065505,1
112609469381,1
112620065185,1
112620065308,1
112620065309,1
112620069609,1
112620165288,1
112620169605,1
112620365780,1
112620369300,1
112620369307,1
112620465001,1
112620465702,1
112620565904,1
112620665400,1
112620865385,1
112620865901,1
112620869688,1
112621065704,1
112621265904,1
112621669686,1
112621865400,1
112621969383,1
112622065004,1
112622265886,1
112622269600,1
112622269685,1
112622365700,1
112622883401,1
112623065808,1
112623265902,1
112623365284,1
112623369305,1
112623369383,1
112623665506,1
112623669186,1
112623865408,1
112623965902,1
112624165204,1
112624180588,1
112624183086,1
112624183909,1
112624265285,1
112624365582,1
112624365902,1
112624465781,1
112624465908,1
112624769182,1
112624865585,1
112624865701,1
112624965901,1
112625165288,1
112625565683,1
112625665284,1
112625665800,1
112625665880,1
112625965781,1
112625969303,1
112626165588,1
112626165700,1
112626265300,1
112626265685,1
112626465309,1
112626465386,1
112626565707,1
112626683001,1
112626683483,1
112626865001,1
112626865887,1
112626869302,1
112626869386,1
112626869388,1
112627065388,1
112627065885,1
112627165705,1
112627365405,1
112627465880,1
112627665308,1
112627665688,1
112627765504,1
112627765587,1
112627865289,1
112627965805,1
112628065407,1
112628065804,1
112628365782,1
112628365884,1
112628365909,1
112628469184,1
112628565808,1
112628569684,1
112628665082,1
112628665483,1
112628665805,1
112628665905,1
112628765480,1
112628769608,1
112628769688,1
112628865283,1
112629069382,1
112629169602,1
112629265502,1
112629369600,1
112629369602,1
112629465082,1
112629465288,1
112629565983,1
112629665004,1
112629669687,1
112629769689,1
112629865406,1
112629965804,1
112630065989,1
112630069184,1
112630165684,1
112630165687,1
112630169189,1
112630265100,1
112630265684,1
112630265908,1
112630283803,1
112630369607,1
112630465887,1
112630465889,1
112630469305,1
112630480006,1
112630665782,1
112630765009,1
112630800202,1
112630802609,1
112630802700,1
112630865006,1
112630865682,1
112630865708,1
112630865889,1
112630880000,1
112630880108,1
112630880404,1
112630880609,1
112630880701,1
112630880789,1
112630880803,1
112630881083,1
112630881405,1
112630883107,1
112630883187,1
112630883401,1
112630883785,1
112630886086,1
112630886786,1
112630887089,1
112630887802,1
112630889401,1
112630889801,1
112630969384,1
112631965204,1
112631969689,1
112632265088,1
112632369685,1
112632465005,1
112632565200,1
112632565208,1
112632765582,1
112633065909,1
112633565205,1
112633669304,1
112633669604,1
112633765980,1
112633969604,1
112635365004,1
112636369301,1
112636369388,1
112636665009,1
112637065089,1
112637065504,1
112637065906,1
112637069305,1
112637365881,1
112637465902,1
112637469606,1
112637469607,1
112637565282,1
112637565804,1
112637565806,1
112637565900,1
112638165506,1
112638169385,1
112638669306,1
112638969300,1
112660365486,1
112660365880,1
112660465280,1
112660465585,1
112660665480,1
112660765507,1
112660765585,1
112660769186,1
112661065085,1
112661065201,1
112661065584,1
112661165502,1
112661183687,1
112661265206,1
112661365702,1
112661469180,1
112661565484,1
112661565485,1
112661665587,1
112661765384,1
112661765604,1
112661783606,1
112661965085,1
112661965782,1
112661965789,1
112662065203,1
112662469305,1
112662569186,1
112662765507,1
112662865006,1
112662865482,1
112662969682,1
112663183486,1
112663265200,1
112663265900,1
112663365404,1
112663365489,1
112663369382,1
112663680102,1
112663869181,1
112663965206,1
112663965283,1
112664065806,1
112664165088,1
112664165506,1
112664265887,1
112664465081,1
112664965201,1
112665065286,1
112665065802,1
112665365405,1
112665365488,1
112665565000,1
112665569301,1
112665665488,1
112665865282,1
112665965504,1
112667065502,1
112667369387,1
112667369687,1
112667565287,1
112667565403,1
112667569687,1
112667665587,1
112667769381,1
112667865806,1
112667869686,1
112668265089,1
112668465589,1
112668465904,1
112668665481,1
112668765304,1
112668865808,1
112669265482,1
112669265506,1
112669569187,1
112669765484,1
112669769303,1
112669865501,1
112968965085,1
114110282938,1
114110480331,1
114110980037,1
114113780031,1
114113882739,1
114114182938,1
114114482931,1
114114580035,1
114114982732,1
114115280039,1
114115380032,1
114115780431,1
114115780434,1
114115980338,1
114116482733,1
114116582930,1
114116682139,1
114117680234,1
114118182930,1
114118280535,1
114118582138,1
114118582737,1
114118780837,1
114119093439,1
114119180639,1
114119182735,1
114119380632,1
114119580238,1
114119880634,1
114121280036,1
114121782930,1
114121982736,1
114122682132,1
114122982136,1
114124180538,1
114124180837,1
114124380933,1
114124680035,1
114124682739,1
114124982737,1
114125780334,1
114126480230,1
114126582136,1
114127280237,1
114127511430,1
114127580438,1
114127591633,1
114127593239,1
114127594231,1
114127598837,1
114127598838,1
114127598935,1
114127599138,1
114127780134,1
114127980534,1
114127982730,1
114128482130,1
114128580335,1
114128680337,1
114128980233,1
114128980333,1
114129182139,1
114129280033,1
114129982739,1
114140082736,1
114140280336,1
114140282935,1
114140794234,1
114140982733,1
114141280536,1
114141580038,1
114141780235,1
114141982932,1
114142080134,1
114142080637,1
114142280331,1
114142282134,1
114142620637,1
114142680236,1
114142882131,1
114142980237,1
114142980939,1
114143280038,1
114143580831,1
114143880831,1
114144480339,1
114144580230,1
114144780832,1
114144993034,1
114145080031,1
114145080935,1
114145380538,1
114145682939,1
114145780035,1
114146180938,1
114146280737,1
114146282737,1
114146480136,1
114146480831,1
114146680434,1
114146693334,1
114147282931,1
114147480335,1
114147680931,1
114147882133,1
114147982731,1
114148082730,1
114148180436,1
114148480639,1
114148582733,1
114148680230,1
114148780233,1
114148980034,1
114149180130,1
114149282135,1
114149282938,1
114149380338,1
114149680730,1
114149782731,1
114149782932,1
114190380238,1
114190480638,1
114190980334,1
114191080134,1
114191080335,1
114191180632,1
114191380237,1
114191880030,1
114191882736,1
114191980233,1
114192480033,1
114192782931,1
114193080031,1
114193480233,1
114194080239,1
114194080633,1
114194280032,1
114194282932,1
114194382139,1
114196782132,1
114196982135,1
114197282134,1
114197680032,1
114197880638,1
114197882135,1
114198080536,1
114198191431,1
114198194139,1
114198197931,1
114198280039,1
114198480036,1
114198580138,1
114198882131,1
114198980536,1
114199080336,1
114199182932,1
114199280836,1
114199480334,1
114600267545,1
114600569143,1
114601769141,1
114602167248,1
114602267945,1
114602367545,1
114603069646,1
114603267544,1
114603367749,1
114603467542,1
114603567944,1
114603569143,1
114603569641,1
114603669847,1
114605669642,1
114606067342,1
114606067349,1
114606253041,1
114606269843,1
114606467443,1
114606567048,1
114606967441,1
114607869844,1
114608169149,1
114608467443,1
114608867946,1
114609267941,1
114609669843,1
114620467241,1
114620567545,1
114620569849,1
114620667046,1
114620853242,1
114620867048,1
114620867448,1
114620867643,1
114620869849,1
114620953040,1
114620953544,1
114620967040,1
114621367248,1
114621867041,1
114621869144,1
114621967744,1
114622369841,1
114622369844,1
114622469843,1
114622567249,1
114622767149,1
114622767640,1
114622869843,1
114622967542,1
114622967644,1
114623053947,1
114623267747,1
114623669142,1
114623867443,1
114623967242,1
114624119646,1
114624267043,1
114624269646,1
114624467241,1
114624467540,1
114624567444,1
114624567941,1
114624667545,1
114624767040,1
114624867847,1
114625367048,1
114625369645,1
114625769140,1
114625769848,1
114625967546,1
114626167047,1
114626167945,1
114626467740,1
114626469642,1
114626567144,1
114626667749,1
114626667944,1
114626867047,1
114626867149,1
114626869145,1
114627267049,1
114627467748,1
114627569143,1
114627867942,1
114627967949,1
114628167042,1
114628469845,1
114628553945,1
114628567644,1
114628867045,1
114628867748,1
114629267941,1
114629367942,1
114629469146,1
114629867149,1
114629867240,1
114629967947,1
114631169645,1
114631569842,1
114631867547,1
114631969841,1
114632067547,1
114632469144,1
114633969145,1
114634169846,1
114636867942,1
114636869148,1
114637067444,1
114637167541,1
114637569144,1
114638467447,1
114638967942,1
114639250446,1
114639567242,1
114639620344,1
114639655441,1
114639657844,1
114639667647,1
114639667947,1
114639867342,1
114639867742,1
114660267249,1
114660767245,1
114661267343,1
114661267941,1
114661667344,1
114661667448,1
114661669846,1
114661767244,1
114661767549,1
114661769149,1
114661955148,1
114662167246,1
114662167248,1
114662867942,1
114664067242,1
114664467549,1
114664567944,1
114664569148,1
114664967744,1
114665167546,1
114665269847,1
114665667743,1
114665667943,1
114665869641,1
114666067047,1
114666269643,1
114666750948,1
114667167346,1
114667467347,1
114667569143,1
114667869140,1
114667967946,1
114668069846,1
114668267249,1
114668269149,1
114668367446,1
114668569842,1
114668967444,1
114668969647,1
114669367544,1
114710082738,1
114710182934,1
114710280330,1
114710493031,1
114710980031,1
114711080636,1
114711082739,1
114711180338,1
114711182736,1
114711280133,1
114711280536,1
114711282933,1
114711282935,1
114711780534,1
114712080332,1
114712082933,1
114712382939,1
114712480534,1
114712782139,1
114713082932,1
114713180534,1
114713182138,1
114713380236,1
114713380630,1
114713480834,1
114713480838,1
114713580239,1
114713580437,1
114713580737,1
114713680039,1
114713782137,1
114713880334,1
114713880631,1
114713882731,1
114713882737,1
114714280038,1
114714280339,1
114714282731,1
114714880037,1
114714980334,1
114714982736,1
114715093039,1
114715093138,1
114715093439,1
114715094031,1
114715096037,1
114715096830,1
114715098837,1
114715193032,1
114715193131,1
114715193535,1
114715293833,1
114715380135,1
114715382734,1
114715391030,1
114715393331,1
114715480637,1
114715491030,1
114715491331,1
114715497735,1
114715498131,1
114715498534,1
114715499338,1
114715499839,1
114715580238,1
114715580933,1
114715582734,1
114715582930,1
114715593238,1
114715593637,1
114715593835,1
114715691335,1
114715780832,1
114715791232,1
114715793030,1
114715793239,1
114715793539,1
114715793639,1
114715880332,1
114715880435,1
114715891231,1
114715891538,1
114715893531,1
114715980635,1
114715991439,1
114715993539,1
114715993936,1
114716180235,1
114716180832,1
114716180836,1
114716480039,1
114716780239,1
114716782731,1
114716880632,1
114716980330,1
114717080636,1
114717180632,1
114717282132,1
114717380737,1
114717380831,1
114717482936,1
114717680834,1
114717780339,1
114717880330,1
114717882133,1
114718080037,1
114718080630,1
114718080631,1
114718082730,1
114718082736,1
114718280431,1
114718282135,1
114718282733,1
114718380138,1
114718393037,1
114718580032,1
114718580132,1
114718580430,1
114718680531,1
114718680730,1
114718680835,1
114718980033,1
114718993335,1
114719080133,1
114719193630,1
114719280531,1
114719680435,1
114719780631,1
114719793034,1
114719880535,1
114719882731,1
114719982131,1
114721080537,1
114721080633,1
114721180532,1
114721280238,1
114721380338,1
114721480333,1
114721582733,1
114721782135,1
114722180739,1
114722382737,1
114722780238,1
114722780535,1
114722980532,1
114722980832,1
114722982135,1
114724080137,1
114724080139,1
114724282733,1
114724293031,1
114724380332,1
114724380634,1
114724480438,1
114724782933,1
114724880330,1
114724980133,1
114724980233,1
114725080637,1
114725282130,1
114725480233,1
114725580232,1
114725580339,1
114725580836,1
114725782737,1
114725782738,1
114725880031,1
114725880636,1
114725980435,1
114726593332,1
114726880835,1
114726982130,1
114727180632,1
114727280931,1
114727380438,1
114727480136,1
114727580130,1
114727582131,1
114727682933,1
114727780131,1
114727780337,1
114728280238,1
114728480333,1
114728582138,1
114728780231,1
114728880830,1
114728882931,1
114729080031,1
114729182134,1
114729182734,1
114729182739,1
114729182933,1
114729280630,1
114729380038,1
114729380637,1
114729480238,1
114729580632,1
114729782731,1
114729880035,1
114729982939,1
114740080037,1
114740193934,1
114740282131,1
114740291238,1
114740291737,1
114740393033,1
114740493330,1
114740494239,1
114740494336,1
114740497237,1
114740498332,1
114740582930,1
114740593235,1
114740593532,1
114740593931,1
114740691633,1
114740780634,1
114740780738,1
114740780835,1
114740793339,1
114740880331,1
114740880736,1
114740993435,1
114740994635,1
114741080738,1
114741093838,1
114741182131,1
114741380733,1
114741480335,1
114741582136,1
114741593031,1
114741593634,1
114741680833,1
114741680836,1
114741693236,1
114741880131,1
114741893039,1
114741893632,1
114741893638,1
114741980630,1
114741991032,1
114741991830,1
114742091436,1
114742280633,1
114742280731,1
114742280937,1
114742291236,1
114742291538,1
114742291731,1
114742391537,1
114742393837,1
114742480131,1
114742480138,1
114742491331,1
114742491538,1
114742491631,1
114742493038,1
114742580330,1
114742580433,1
114742580539,1
114742580833,1
114742580935,1
114742582939,1
114742680034,1
114742680433,1
114742782939,1
114742791230,1
114742791639,1
114742793437,1
114742880733,1
114742993531,1
114743080531,1
114743091230,1
114743180038,1
114743180836,1
114743180839,1
114743191231,1
114743191336,1
114743280030,1
114743380139,1
114743391031,1
114743393830,1
114743393935,1
114743493434,1
114743493634,1
114743493639,1
114743580330,1
114743593530,1
114743594333,1
114743682735,1
114743693036,1
114743791439,1
114743791638,1
114743893733,1
114743980033,1
114743993934,1
114744080331,1
114744080931,1
114744180035,1
114744180431,1
114744191532,1
114744193437,1
114744280630,1
114744291637,1
114744293235,1
114744380235,1
114744382137,1
114744391235,1
114744391539,1
114744480039,1
114744480339,1
114744493038,1
114744580434,1
114744682938,1
114744691731,1
114744693136,1
114744793031,1
114744882938,1
114744893231,1
114744893234,1
114744980631,1
114745093938,1
114745193239,1
114745380431,1
114745580133,1
114745580939,1
114745591632,1
114745593333,1
114745680336,1
114745693337,1
114745893131,1
114745893234,1
114745893439,1
114745982736,1
114746091339,1
114746091731,1
114746193136,1
114746193734,1
114746197231,1
114746280335,1
114746291531,1
114746293631,1
114746294334,1
114746380438,1
114746382935,1
114746493230,1
114746493932,1
114746580535,1
114746580633,1
114746582130,1
114746582932,1
114746594232,1
114746691338,1
114746691635,1
114746693737,1
114746791939,1
114746794832,1
114746880437,1
114746891435,1
114746993033,1
114747082932,1
114747091534,1
114747093030,1
114747093632,1
114747193635,1
114747380133,1
114747380839,1
114747382136,1
114747580737,1
114747591235,1
114747591736,1
114747682936,1
114747693939,1
114747780037,1
114747780633,1
114747880039,1
114747880135,1
114747880335,1
114747880636,1
114747882932,1
114747882933,1
114747891637,1
114747991832,1
114747993237,1
114747993339,1
114748180835,1
114748380738,1
114748380938,1
114748393538,1
114748493832,1
114748680134,1
114748680733,1
114748780034,1
114748780238,1
114748880536,1
114748982938,1
114748993935,1
114749082130,1
114749093632,1
114749293032,1
114749391533,1
114749480331,1
114749493633,1
114749580031,1
114749593233,1
114749593537,1
114749780630,1
114749880535,1
114790080835,1
114790182132,1
114790280536,1
114790680137,1
114790680639,1
114790693032,1
114790780631,1
114790980630,1
114790980639,1
114792080336,1
114792580033,1
114793280530,1
114793280536,1
114793380437,1
114793480933,1
114793580939,1
114793680732,1
114793893032,1
114793893230,1
114793982133,1
114794880833,1
114796082931,1
114796280038,1
114796380334,1
114796382136,1
114796780337,1
114797480531,1
114800069144,1
114800169140,1
114800267245,1
114800267546,1
114800269141,1
114800467040,1
114800467041,1
114800467243,1
114800467942,1
114800569143,1
114800667348,1
114800667745,1
114800967047,1
114800969648,1
114801153942,1
114801167040,1
114801267042,1
114801267843,1
114801269147,1
114801467440,1
114801567348,1
114801567942,1
114801667040,1
114801967547,1
114801967745,1
114802069640,1
114802367544,1
114802867741,1
114802867940,1
114803050742,1
114803052948,1
114803053244,1
114803053645,1
114803056140,1
114803058340,1
114803067041,1
114803069641,1
114803069848,1
114803153246,1
114803153349,1
114803167449,1
114803253343,1
114803254641,1
114803255646,1
114803258146,1
114803267244,1
114803267646,1
114803353846,1
114803367147,1
114803367744,1
114803467341,1
114803467646,1
114803467741,1
114803467844,1
114803469846,1
114803553948,1
114803567046,1
114803567744,1
114803569145,1
114803653544,1
114803667046,1
114803669142,1
114803750644,1
114803769143,1
114803769148,1
114803853841,1
114803867648,1
114803869148,1
114803869849,1
114803953548,1
114803967644,1
114804167048,1
114804267442,1
114804269840,1
114804469145,1
114804567243,1
114804567741,1
114804667445,1
114804767245,1
114804767945,1
114805067044,1
114805069143,1
114805167541,1
114805169148,1
114805267040,1
114805467543,1
114805569149,1
114805869844,1
114805967046,1
114805967243,1
114805967946,1
114805969141,1
114806067845,1
114806153443,1
114806267645,1
114806269842,1
114806353248,1
114806353444,1
114806367141,1
114806367546,1
114806469847,1
114806553949,1
114806569841,1
114806667141,1
114806853945,1
114806867240,1
114806867242,1
114806967343,1
114806967447,1
114806967941,1
114806969846,1
114807167848,1
114807269643,1
114807569840,1
114807767245,1
114807967747,1
114808167243,1
114808367245,1
114808367743,1
114808767443,1
114809067549,1
114809167042,1
114809167140,1
114809267447,1
114809367640,1
114809367947,1
114809569847,1
114809669844,1
114809969645,1
114820052540,1
114820056749,1
114820069149,1
114820150040,1
114820153343,1
114820169642,1
114820253749,1
114820353843,1
114820353943,1
114820369646,1
114820450445,1
114820552149,1
114820552940,1
114820653149,1
114820667940,1
114820752648,1
114820755845,1
114820756449,1
114820767541,1
114820850341,1
114820850548,1
114820950444,1
114820953244,1
114820967246,1
114820967845,1
114820969146,1
114820969841,1
114821050345,1
114821053842,1
114821069141,1
114821167348,1
114821353240,1
114821353341,1
114821367448,1
114821367948,1
114821450449,1
114821453240,1
114821553747,1
114821653548,1
114821653944,1
114821667142,1
114821867143,1
114821867944,1
114821869843,1
114821953148,1
114821967746,1
114822050149,1
114822050746,1
114822053343,1
114822150946,1
114822152243,1
114822169646,1
114822250346,1
114822267545,1
114822269642,1
114822269845,1
114822350242,1
114822350741,1
114822352540,1
114822353549,1
114822353949,1
114822467443,1
114822467743,1
114822467947,1
114822553349,1
114822553442,1
114822553546,1
114822553844,1
114822567743,1
114822667140,1
114822750547,1
114822852949,1
114822856245,1
114822867244,1
114822950149,1
114822952741,1
114822953342,1
114822969145,1
114823050042,1
114823053145,1
114823167941,1
114823453845,1
114823553044,1
114823569843,1
114823650545,1
114823653342,1
114823667241,1
114823667741,1
114823750743,1
114823769843,1
114823853942,1
114823953142,1
114823967946,1
114824150145,1
114824150749,1
114824153147,1
114824250442,1
114824267045,1
114824267242,1
114824267643,1
114824353042,1
114824353548,1
114824367544,1
114824450242,1
114824450949,1
114824469840,1
114824553543,1
114824650444,1
114824653144,1
114824653241,1
114824653340,1
114824653347,1
114824667840,1
114824750440,1
114824750943,1
114824753443,1
114824850945,1
114824853641,1
114824853644,1
114824953344,1
114824967543,1
114824969141,1
114825050548,1
114825050747,1
114825253648,1
114825350545,1
114825350547,1
114825353540,1
114825367343,1
114825450443,1
114825467344,1
114825567242,1
114825567645,1
114825569142,1
114825569641,1
114825753744,1
114825767440,1
114825767946,1
114825850049,1
114825850846,1
114825853441,1
114825869145,1
114825953642,1
114825967243,1
114825967342,1
114826153645,1
114826153648,1
114826167540,1
114826167841,1
114826253240,1
114826350542,1
114826353246,1
114826653842,1
114826750948,1
114826853940,1
114826867449,1
114826953249,1
114827067349,1
114827153546,1
114827167040,1
114827167948,1
114827367742,1
114827367949,1
114827553941,1
114827567345,1
114827653948,1
114827767944,1
114827853544,1
114827953249,1
114828050840,1
114828053044,1
114828067342,1
114828250948,1
114828267043,1
114828267148,1
114828353540,1
114828353945,1
114828367044,1
114828467544,1
114828552443,1
114828569840,1
114828650745,1
114828667841,1
114828669845,1
114828750245,1
114828753545,1
114828767440,1
114828767943,1
114828950846,1
114829069844,1
114829169149,1
114829253648,1
114829367348,1
114829450044,1
114829450546,1
114829550241,1
114829553643,1
114829553849,1
114829567641,1
114829669141,1
114829767046,1
114829767943,1
114829769148,1
114829953542,1
114829967448,1
114829969142,1
114829969847,1
114831269641,1
114831269642,1
114831469145,1
114831569646,1
114831767040,1
114831769640,1
114831867442,1
114831867541,1
114831869647,1
114832153249,1
114832367843,1
114832567243,1
114832667346,1
114832767946,1
114832769144,1
114832869640,1
114832967441,1
114832969844,1
114833167241,1
114833567542,1
114833869148,1
114834467842,1
114834469149,1
114834867540,1
114834869644,1
114836069143,1
114836367040,1
114836569147,1
114836569648,1
114836569849,1
114836869645,1
114836967543,1
114837067741,1
114837069845,1
114837169649,1
114837267449,1
114837469640,1
114837667042,1
114837667447,1
114837867240,1
114837867447,1
114837869147,1
114837969145,1
114838269847,1
114838367741,1
114838369843,1
114838553543,1
114838669144,1
114838853241,1
114838967949,1
114839067143,1
114839067147,1
114839169848,1
114839267144,1
114839367344,1
114839669145,1
114839669842,1
114839767940,1
114839867647,1
114839869144,1
114839967349,1
114862267547,1
114862367645,1
114862767741,1
114865253440,1
114865567341,1
114865767143,1
114865767541,1
114865967248,1
114868667644,1
114868867947,1
114869267443,1
114869467148,1
114869652742,1
114999280232,1
